{
  "n_requests": 500,
  "p50_ms": 0.9808750182855874,
  "p95_ms": 1.2295392982196058,
  "p99_ms": 1.414259198354557,
  "mean_ms": 7.280427757883444,
  "max_ms": 3132.398167042993,
  "min_ms": 0.9000830468721688
}